{
    "RMS": [
        1.308347068, 1.29828078, 1.000039075, 0.8818963999, 0.8603762551,
        0.9105451937, 0.867511105, 0.8586690781, 0.8748567649, 1.061722997,
        0.8951710358, 0.8536263709, 0.8456942543, 0.920251486, 1.039974794,
        1.029766483, 1.105671912, 1.178395327, 1.511333212, 1.228116139,
        1.336384712, 2.565491544, 1.836495737, 1.912246299, 1.972636104,
        2.90522401, 3.001431675, 3.417847633, 2.601182474, 2.325037312,
        3.605953176, 1.987266723, 2.623680595, 2.293583415, 1.785595993,
        4.172996099, 2.556088399, 4.141849889, 2.76846133, 2.313502241,
        2.329015176, 2.166668687, 3.544756375, 1.81758353, 1.845105711,
        3.123153489, 3.039458854, 2.841999494, 3.084481406, 4.28305731,
        2.71291804, 2.97600618, 2.625851328, 1.890020774, 1.898983873,
        1.841862639, 2.878464319, 2.776066333, 1.919391993, 1.884500508,
        2.196919832, 3.418520641, 2.072143116, 1.749212502, 1.844922209,
        1.977043016, 2.510291458, 3.077201555, 2.105727654, 2.812529801,
        1.961401352, 2.701263769, 2.974598665, 2.303910763, 2.040898142,
        2.347801235, 2.168558827, 2.613896631, 1.857727083, 1.456866414,
        1.297627373, 1.789423047, 3.307022018, 1.55123125, 1.424821321,
        1.700571371, 1.351172475, 1.280432262, 2.19103924
    ],
    "Depth": [
        9.862, 9.784, 9.682, 9.578, 9.474, 9.372, 9.27, 9.167, 8.765, 8.364,
        7.964, 7.587, 7.186, 6.784, 6.423, 6.022, 5.621, 5.218, 4.818, 4.717,
        4.615, 4.512, 4.411, 4.309, 4.208, 4.107, 4.006, 3.904, 3.803, 3.702,
        3.599, 3.497, 3.396, 3.295, 3.195, 3.094, 2.992, 2.891, 2.789, 2.688,
        2.587, 2.486, 2.385, 2.283, 2.183, 2.083, 1.983, 1.883, 1.782, 1.681,
        1.579, 1.477, 1.375, 1.275, 1.174, 1.074, 0.972, 0.871, 0.769, 0.668,
        0.566, 0.465, 0.365, 0.263, 0.164, 0.063, -0.036, -0.136, -0.237,
        -0.338, -0.439, -0.541, -0.641, -0.741, -0.843, -0.944, -1.044, -1.146,
        -1.24, -1.35, -1.453, -1.554, -1.654, -1.755, -1.856, -1.957, -2.057,
        -2.157, -2.303
    ],
    "ColorType": [
        1, 1, 1, 1, 1, 2, 0, 0, 0, 2, 0, 0, 2, 0, 0, 2, 0, 2, 0, 2, 0, 0, 2, 0,
        0, 0, 0, 0, 0, 0, 2, 0, 0, 0, 2, 0, 2, 0, 2, 0, 2, 0, 0, 0, 2, 2, 0, 0,
        0, 0, 0, 0, 2, 0, 0, 0, 0, 0, 2, 0, 0, 0, 0, 0, 0, 0, 0, 0, 0, 0, 0, 0,
        0, 0, 0, 0, 0, 0, 0, 0, 0, 2, 2, 2, 2, 2, 2, 2, 2, 2, 2, 2, 2, 2, 2, 2,
        2, 2, 2, 2
    ]
}
